954	24267.94179772335	1209.3605785454265	1229.7083642254188	617.1103550206082	612.3221378216258	610.9135878751875	870.5212229767179	1221.2102145287358	852.1968497328332	11.68	2.41	70.89	it	4.4	2024.0	2027.0	118.05	85.34	142.0	194.0	67.0	11.0	70.0
468	20004.65635331612	983.9922865050893	987.7402394456298	497.1632239740389	495.1897039875386	496.0442872326242	695.0353846604594	986.5138387477016	697.2001157100965	10.75	2.26	83.39	mz	3.06	2022.0	2029.0	175.32	140.91	297.0	150.0	34.0	12.0	92.0
906	23461.05972213397	1163.7136008155137	1182.4453412854336	595.545411473124	590.858536105785	587.4807808590627	834.2554122963148	1174.3423479417454	821.3609417276531	9.11	2.27	66.8	cr	3.5300000000000002	2021.0	2029.0	160.24	94.71000000000001	119.0	257.0	6.0	20.0	100.0
732	21664.187007511962	1078.7351609789907	1084.7186348279015	544.1511841693032	542.5602431295007	540.8859173690513	761.0916283436557	1081.60642015851	761.7344893637181	10.6	2.35	35.75	tj	7.06	2025.0	2030.0	143.54000000000002	86.57	262.0	36.0	48.0	15.0	91.0
338	19159.33597640206	938.9743909522151	945.4544949443259	473.6676326260893	475.87864539929916	471.1159226389134	664.9550228961773	944.2898156184995	662.7919430275138	11.99	2.26	55.42	iq	5.34	2023.0	2027.0	48.6	94.86	48.0	138.0	5.0	17.0	61.0
698	21368.03537031278	1066.798143877531	1070.4533257161872	536.934833369212	534.8460423847981	535.5005038455162	749.7844273310891	1064.130732188138	751.3981688311048	8.36	2.41	80.81	sr	5.55	2025.0	2030.0	150.79000000000002	95.94	199.0	36.0	22.0	11.0	71.0
284	18779.298073958103	918.6392156805574	920.9474368968935	461.0588978369058	464.6265033921903	462.25008227069833	651.5069160696144	922.4385511448776	650.5351565793297	11.7	2.42	50.09	hn	4.42	2021.0	2026.0	164.63	111.45	172.0	146.0	72.0	15.0	63.0
143	17319.41272887238	849.1728127229746	854.2559890569061	428.46707891993594	434.0367278474471	429.46341016094675	606.6437101667012	847.5311419322513	601.7914632514406	11.26	2.34	54.42	bn	3.96	2021.0	2026.0	107.88	187.42	248.0	32.0	63.0	14.0	82.0
279	18747.832071648052	916.3596452417078	918.7691812897048	460.10325551691153	463.92178999556415	460.6976719919063	650.9235902202497	920.6442462315031	649.5115503217513	11.6	2.41	58.25	ve	7.1	2023.0	2025.0	129.41	111.87	140.0	38.0	96.0	13.0	64.0
600	20730.85395482531	1033.6506541617277	1033.5029246018582	517.37876602846	519.5766735226193	516.9707996763726	724.5008368918651	1028.9110017342803	728.3717615809574	9.37	2.39	31.509999999999998	lr	3.9699999999999998	2023.0	2025.0	164.47	43.19	256.0	248.0	59.0	11.0	59.0
214	18083.300664431994	889.9556456211068	893.343205860337	447.1078746961554	451.73049523938414	447.68251009339605	633.4215101036182	891.7956866768905	629.4120277463403	9.71	2.27	31.93	eg	3.0300000000000002	2021.0	2027.0	176.49	159.32999999999998	54.0	73.0	10.0	19.0	87.0
92	16727.831263477652	814.3128349687393	820.1981009426984	408.6791704735674	415.262798311573	409.88524694220564	582.7786464850058	820.5533463057507	576.5224171380831	9.56	2.4000000000000004	69.0	in	5.99	2024.0	2030.0	31.33	84.46000000000001	162.0	208.0	100.0	12.0	99.0
189	17779.70692818593	876.1202837902292	879.3045908491212	442.37567556340457	444.9439276340774	441.57013095535217	623.7201530624786	880.7249789359641	621.5138874342588	10.52	2.3	64.87	nz	4.51	2024.0	2030.0	171.05	119.77	292.0	222.0	99.0	11.0	30.0
286	18787.7446137389	919.4590741622981	921.7126576511413	461.63844564124065	464.9244977542785	462.97477542272316	651.6602331974927	922.8879824967207	650.9723473950444	10.8	2.35	49.230000000000004	bg	5.5	2023.0	2023.0	73.5	86.61	229.0	100.0	17.0	17.0	42.0
799	22294.256679939117	1105.9280500002428	1117.5843524472243	560.1663947833787	559.5085445765135	554.2633050189733	780.7929708683532	1118.5920810457164	780.9896809984793	8.5	2.34	42.82	hu	4.08	2022.0	2026.0	95.65	174.21	34.0	71.0	47.0	11.0	75.0
392	19500.208377067	961.8839358941489	962.0722363105937	483.58665928297626	484.2875468335869	481.8178884469871	678.3993755336404	963.5545926785513	678.1356428084774	8.19	2.4000000000000004	35.55	sc	4.59	2023.0	2023.0	38.62	73.74000000000001	123.0	200.0	63.0	10.0	91.0
274	18706.99450081358	912.8854604010687	916.6829906951652	459.19367382561046	463.52046179333115	460.0545690145586	649.0308442623983	918.5634803919072	648.0738615735626	8.01	2.3200000000000003	48.370000000000005	gr	6.37	2021.0	2027.0	107.83	149.01999999999998	60.0	135.0	69.0	18.0	30.0
240	18366.844222669242	900.6490279011362	902.5794316372078	453.11839318318073	456.7270479637981	451.74469972100917	639.557639386912	906.7413358927248	639.5382781878832	11.8	2.39	47.84	sg	5.71	2022.0	2030.0	62.19	63.730000000000004	102.0	284.0	85.0	11.0	87.0
475	20037.365308865992	987.4504147517647	990.0713543530612	497.93838642428085	495.85897270238877	497.1265547540939	696.7479316393241	989.0610290992648	698.4534483114071	11.66	2.25	33.78	tz	3.49	2021.0	2030.0	152.55	55.22	235.0	255.0	50.0	19.0	67.0
363	19312.98768765169	949.1496931729148	952.981691569988	478.481335667022	480.9539581004875	476.06973672677225	672.972163373374	952.2531301459873	670.9425561784625	11.0	2.29	27.95	al	3.3	2022.0	2023.0	101.32	107.37	124.0	203.0	34.0	16.0	82.0
508	20200.313697099988	998.8203296497015	1002.7264837027383	503.9417296356284	502.398425133134	502.4805437148397	702.9831323901672	998.4162331956556	707.821214924516	11.78	2.3200000000000003	77.5	li	4.109999999999999	2025.0	2028.0	30.86	41.23	161.0	116.0	94.0	17.0	57.0
170	17583.24506752498	866.9411331377798	868.1267366806605	437.05197363405364	440.6266433242008	436.5676252805033	618.0063200873609	867.7877871269825	615.5451162001809	11.08	2.41	27.62	sa	3.06	2022.0	2025.0	155.99	129.01999999999998	128.0	205.0	34.0	18.0	40.0
889	23251.10183994331	1154.294373870827	1165.1498915854454	591.0138994097371	583.4238891546895	578.0026314350141	822.5229103570935	1164.5811350187312	811.6092993924417	11.17	2.22	73.6	br	5.71	2024.0	2026.0	43.5	97.13	256.0	132.0	48.0	11.0	35.0
553	20478.33415807224	1017.5019477192976	1016.612041384546	510.76967113687687	511.3235579146604	510.6962313388567	715.2022914337924	1010.573991535128	717.2359967339715	11.8	2.3200000000000003	56.3	zm	7.41	2021.0	2028.0	83.6	56.82	39.0	166.0	51.0	11.0	94.0
733	21670.985979906487	1078.763122040347	1085.0403578785558	544.1665426781476	543.1272657310632	541.0762085520653	761.2251211116702	1082.2309905620107	762.045752984191	10.91	2.29	48.989999999999995	cd	6.03	2021.0	2025.0	176.8	103.86	172.0	66.0	75.0	15.0	83.0
801	22296.390872009826	1107.1131734102198	1118.5386334407028	560.6858506081876	559.9965378376862	554.5421189597964	780.8473112247425	1120.1640991861454	782.2219362274132	9.87	2.33	37.58	pl	6.67	2025.0	2024.0	88.32	107.2	56.0	36.0	93.0	18.0	45.0
218	18139.65008979163	891.1944228125303	894.4494293337141	448.2202112086252	452.2782932158592	448.2319860644451	634.3864027073879	895.23034579677	631.4967643961563	10.48	2.39	37.17	bb	7.49	2022.0	2030.0	77.28999999999999	59.28	196.0	146.0	13.0	20.0	59.0
461	19941.415049216976	983.2724524108864	984.9109967434041	495.91276119801734	494.6317206127618	493.95843065400953	693.3873334397683	985.9274428224004	694.954044487415	9.41	2.25	55.019999999999996	tm	6.78	2023.0	2028.0	133.99	143.09	140.0	139.0	8.0	18.0	56.0
579	20638.722109669485	1025.7397043226524	1024.1281203342876	513.8997905551281	515.4163210384561	513.7749711253296	720.8739818964631	1020.9751938558331	723.2869659991928	11.42	2.31	74.33	mr	4.45	2024.0	2028.0	138.84	70.69	120.0	151.0	18.0	11.0	40.0
765	21951.952608450156	1090.400128610151	1098.346052560328	551.595440481981	551.7049376276558	546.5512573905665	769.756174544173	1097.0181589979125	770.8230469712091	8.6	2.29	29.91	pt	4.59	2025.0	2024.0	40.01	129.49	117.0	31.0	19.0	19.0	61.0
153	17410.94707928543	855.2257495709351	860.4965689125162	431.8451594824206	436.4279181655336	432.7721461258313	609.177275776545	856.0722410757746	610.4815524229462	8.5	2.24	55.11	bh	5.18	2024.0	2029.0	113.64	131.57	131.0	63.0	40.0	10.0	32.0
777	22078.425939540102	1094.3236303920085	1103.1644365475877	554.7687521643902	554.0765693669026	548.5002528498975	775.8714514925814	1105.0134212993332	774.3433806414472	10.17	2.4000000000000004	58.32	md	4.07	2024.0	2028.0	51.66	85.21000000000001	10.0	167.0	23.0	10.0	91.0
312	18961.33291536004	931.0963036803203	935.4918512799745	470.5709936568499	469.64199143726074	466.236631489023	657.9279496719238	932.3287523063909	656.3945522640867	10.76	2.3600000000000003	70.96000000000001	kh	3.1100000000000003	2022.0	2024.0	122.27	47.25	150.0	278.0	60.0	20.0	41.0
750	21762.392397583793	1086.1285208975241	1092.1737132055296	547.9172475185925	548.5457511664882	544.3431502558021	764.8137108294505	1090.2701505766413	767.2670177515159	11.96	2.27	40.510000000000005	ag	4.859999999999999	2025.0	2026.0	78.49000000000001	141.99	112.0	284.0	16.0	13.0	43.0
500	20142.64867302436	996.6029900081751	999.2818486089299	502.53637272470627	500.6823751533769	501.7438505797269	700.9604261774047	995.2775772765057	705.613422009168	9.27	2.26	61.36	sg	7.38	2025.0	2029.0	165.67	129.51999999999998	220.0	148.0	22.0	13.0	37.0
832	22543.09994616889	1118.9408777902584	1133.9441389409255	569.5026637557827	565.6167401313014	560.2419099807507	794.5606641929802	1134.7430218754491	788.6944507557276	9.97	2.24	48.34	dk	6.12	2022.0	2030.0	176.46	44.22	274.0	135.0	17.0	19.0	36.0
65	16155.831690364463	791.508551035366	800.7109382704261	397.79808183940906	401.50591650406835	400.6303505304493	563.5224907063074	789.3905186350227	560.5297745516086	10.29	2.35	63.58	nl	4.04	2023.0	2027.0	33.55	151.35	36.0	245.0	59.0	10.0	80.0
200	17949.01887268455	881.5675576610563	885.869896691401	444.5696107159072	447.88235460713764	443.2783224577453	627.6127549292505	885.0378125796065	625.2376229222481	11.08	2.39	63.69	no	4.859999999999999	2021.0	2027.0	140.97	48.62	213.0	247.0	22.0	10.0	75.0
401	19557.706524253623	964.9384553774428	964.1471925872168	485.7616767861036	485.9488617382118	483.4886578107402	680.2929373424851	967.1817426859502	680.6701886515366	9.86	2.41	83.49000000000001	za	4.13	2023.0	2027.0	153.01	48.769999999999996	266.0	246.0	34.0	17.0	82.0
211	18065.22697346145	888.7067076291536	891.7148298558694	446.29124796520955	451.2199615590918	445.63749190934766	632.7512935904754	891.1185780863152	629.094497652622	11.66	2.3200000000000003	57.14	qa	7.33	2023.0	2025.0	82.61	160.74	100.0	212.0	18.0	19.0	100.0
121	17154.352956429608	834.6260229713366	841.281521587442	418.92899132732055	428.19261263280816	422.3266279500087	597.7250318902564	837.5626065249025	591.5325674621553	8.04	2.34	75.44	kp	4.16	2023.0	2030.0	85.03999999999999	173.96	77.0	286.0	84.0	16.0	74.0
176	17656.790073393993	870.1608976168494	871.7288620101	438.9006343134499	442.19713549966036	438.37939317252625	620.0286954192258	870.7780279163036	617.305624678399	11.31	2.3200000000000003	38.51	na	6.83	2023.0	2027.0	73.42	47.58	241.0	210.0	76.0	11.0	42.0
313	18965.923719567156	931.1964422082671	936.1465336337625	470.8278405953015	470.202107777445	466.3499982683403	658.052321803877	933.901968526377	656.4098140406556	11.35	2.2800000000000002	60.65	lt	6.64	2024.0	2026.0	37.29	178.27	240.0	109.0	95.0	12.0	89.0
347	19224.603214757295	943.4956968760837	946.7108022043709	475.14858381091017	477.38451274503086	472.54359840916027	668.446710306453	946.4184134257856	666.6741756100988	10.02	2.39	81.66	tn	4.38	2025.0	2028.0	40.24	133.28	30.0	200.0	43.0	15.0	56.0
3	13257.896065939098	645.53016357653	618.2776989375878	304.5800715744899	318.6100954441321	316.13072688509214	440.99412357257887	589.9034349670047	459.2108471054323	8.57	2.37	79.63	ne	7.36	2023.0	2024.0	56.629999999999995	161.12	193.0	112.0	64.0	14.0	33.0
148	17365.532704696838	850.2576812563454	858.3710194503323	431.27522352822155	434.94967801668395	431.5873566897708	608.3374938856177	851.5698226622363	607.6062401509756	9.7	2.27	33.81	la	6.0	2022.0	2023.0	138.32	154.61	165.0	212.0	17.0	12.0	89.0
315	18985.849276559147	931.8135655917754	936.5429510171602	471.74588212703395	470.46857238956306	467.53643141453534	659.0317346636838	934.8778023818483	657.3792302593911	9.66	2.42	35.08	br	5.87	2021.0	2023.0	83.58	181.2	155.0	168.0	56.0	20.0	95.0
85	16611.038231217397	805.2045814802009	816.4695700579207	405.1262846403123	412.09988774202156	408.64146539248054	578.0324647993754	813.1931887893109	573.805912537533	11.89	2.3200000000000003	79.75	to	5.02	2024.0	2024.0	92.47999999999999	124.91	67.0	47.0	2.0	20.0	78.0
205	17994.44229098496	885.2791315105364	889.8354279213762	445.12460202843226	449.03081445172324	444.0177607667511	631.2363510933001	886.6135768441809	626.6319777072507	8.15	2.24	39.41	tr	5.1899999999999995	2021.0	2023.0	84.43	57.59	291.0	82.0	1.0	15.0	76.0
213	18076.517765036366	889.4192245490163	893.2984258755217	447.0783998157743	451.33004368054947	447.1384541124183	633.3758906911737	891.3980705439436	629.3925658794446	11.43	2.34	58.85	in	6.42	2024.0	2029.0	91.28999999999999	100.81	182.0	177.0	78.0	17.0	36.0
257	18558.019735871672	905.491916017841	909.9777828092742	456.302302138253	460.84336564968106	455.51563071327996	646.0354759858762	912.4548888468024	642.902523948788	11.34	2.34	45.0	cy	5.359999999999999	2024.0	2025.0	145.28	111.38	276.0	236.0	25.0	16.0	30.0
788	22170.840231330712	1101.0666793150765	1110.3255107962395	556.567523274397	556.9313575608878	551.7561477105488	777.9529245231407	1112.1459042709862	776.8737664999094	10.15	2.3600000000000003	53.84	sk	4.29	2021.0	2026.0	170.23	115.08	71.0	57.0	75.0	19.0	58.0
751	21804.633017525783	1086.1590954931928	1092.6432074232519	548.2202726067385	549.0292878297181	544.4742458483696	765.5649735673964	1091.3694418529672	767.4262653172376	10.55	2.3600000000000003	65.65	tj	4.05	2022.0	2025.0	79.67	114.58	99.0	76.0	2.0	20.0	32.0
659	21150.02158805614	1054.6179557278667	1055.7857438812518	528.7743779019075	530.7740408337703	528.0057335545162	739.0316668675763	1050.8110837687163	741.2411424020713	10.83	2.3200000000000003	41.94	ma	5.66	2023.0	2027.0	69.94	141.31	18.0	234.0	43.0	10.0	68.0
774	22041.728988342784	1093.8683540790958	1101.068248245796	553.4621444338867	553.44554416943	548.155560333005	774.112676928587	1102.7972744495946	774.0844687783857	11.48	2.2800000000000002	24.08	np	5.2	2024.0	2027.0	87.33	85.53	57.0	61.0	90.0	17.0	79.0
366	19330.59277073773	950.041927518257	953.8466537639885	479.21740175050707	481.08167036238217	476.2388746154431	673.616207529025	952.8722569694609	671.3892306473474	10.8	2.2300000000000004	65.5	vc	5.15	2021.0	2028.0	158.66	173.35	131.0	158.0	82.0	12.0	80.0
696	21367.208705941684	1066.4941288485654	1070.1213333763208	536.0119284718412	534.7122877316474	535.1321729837666	749.0438804819302	1063.5080315845698	751.0086922289877	9.39	2.3	50.39	bo	6.83	2024.0	2029.0	32.84	85.21000000000001	162.0	268.0	98.0	16.0	61.0
163	17522.144696754607	863.2217293244648	864.9867384846464	435.67562211667655	438.9617014153337	433.9306285704637	613.2753426176854	865.352045981639	613.441263452388	9.54	2.3	77.56	no	5.51	2023.0	2030.0	171.11	117.47	159.0	96.0	67.0	17.0	64.0
386	19466.532734379998	959.4914634214925	960.5676328588013	482.4639000518122	483.7080363230112	480.7424291860137	677.4170163549633	960.4403186223401	676.3803028863189	8.03	2.35	80.66	eg	3.71	2024.0	2023.0	174.1	69.01	89.0	221.0	23.0	15.0	36.0
663	21182.32713818612	1055.8386512197758	1057.1789115771608	529.639469249665	530.9123461756644	528.656663812237	739.5405396968335	1052.991540583077	743.0863794877885	10.13	2.2800000000000002	50.34	na	3.7	2022.0	2025.0	51.39	48.22	128.0	163.0	8.0	10.0	85.0
66	16159.372356721931	791.550327567051	801.0874614340462	398.05353410315183	401.55663011952413	401.5821229122542	563.7137724090094	789.561844767687	560.9616620472235	9.22	2.26	26.36	ly	5.98	2025.0	2027.0	174.11	79.4	73.0	61.0	53.0	20.0	72.0
599	20722.38998448341	1033.5816371773738	1033.2875004196226	517.1527325288545	519.2015663356157	516.5990094287818	724.4414538586002	1028.868252443623	727.7033365572948	10.9	2.3600000000000003	46.08	bs	7.41	2021.0	2029.0	100.01	154.01	293.0	200.0	23.0	20.0	73.0
164	17534.18582989096	864.7740095147678	865.2246786363621	435.98042036722177	439.00081957825125	434.01505564493436	613.3100343505422	865.8744048567594	613.8909104948239	11.92	2.27	49.66	az	6.97	2023.0	2023.0	40.16	165.41	141.0	181.0	85.0	19.0	74.0
388	19472.868361290555	960.8692402363824	961.0091422323392	482.7915592459297	483.85820053233624	481.18849582813414	677.5093525853255	960.8510525054461	677.2389626154351	10.95	2.37	53.34	li	5.33	2024.0	2030.0	69.87	184.15	48.0	79.0	50.0	20.0	63.0
407	19636.154756219974	966.089608006754	966.3471495533519	486.63718109571204	487.84208045759885	485.0053414935609	681.3165581461616	970.5430530227428	682.3800723724421	8.7	2.39	42.94	id	5.640000000000001	2024.0	2030.0	84.61	125.81	119.0	134.0	18.0	10.0	96.0
545	20438.886500245386	1014.0977362688508	1014.1707136620212	509.6127936970975	509.10534735522265	509.3012532432112	713.3543381970801	1007.0776439013487	715.9064527359523	8.75	2.29	68.09	ve	4.0	2024.0	2026.0	89.67	156.14	103.0	113.0	80.0	18.0	86.0
827	22500.016156181493	1117.1879108343821	1130.2268818146877	568.3152890208412	564.6307940107374	559.8528919003086	792.3724817216503	1133.069480154003	787.8205980961056	8.2	2.39	73.75999999999999	ni	6.78	2021.0	2025.0	134.15	63.75	149.0	208.0	7.0	11.0	90.0
243	18400.512693992554	901.3743530413423	906.3153694247901	453.7708871594978	456.8937198576155	452.6589896775686	640.0836342933457	908.8966407388172	640.5864988208191	10.11	2.24	38.93	td	6.43	2024.0	2030.0	165.59	62.7	96.0	84.0	73.0	12.0	39.0
678	21273.68695971256	1060.7186056163584	1061.691648739769	532.973629049441	532.3535029918312	531.5227564273243	743.4551501633317	1057.1652005779429	747.1778141551257	10.33	2.33	47.84	mm	3.09	2025.0	2023.0	48.79	110.07	155.0	112.0	69.0	13.0	71.0
5	13494.556764688585	670.7242839277405	634.624092357942	312.6927001733779	320.02812394261156	323.1109791973826	449.0438943106501	638.6830327066884	472.93594502114195	9.7	2.38	33.6	sg	4.01	2025.0	2027.0	66.35	125.55	53.0	200.0	57.0	19.0	39.0
273	18692.256798062448	912.5475107466752	916.4341620844905	459.11298872550924	463.48130047381613	459.9035746931573	648.979593870032	917.9229988278244	647.7598523634508	11.93	2.2300000000000004	79.46000000000001	mx	3.67	2024.0	2028.0	64.07	150.11	232.0	47.0	34.0	13.0	62.0
922	23714.484742147146	1178.867793871755	1193.4954910845913	601.5407639764335	597.3924425937769	592.5367258785082	843.6503209130561	1192.464072600202	832.62469801632	9.39	2.3200000000000003	62.02	gt	6.51	2024.0	2029.0	45.79	59.370000000000005	19.0	117.0	66.0	18.0	73.0
422	19744.151712784667	970.3113226209184	973.0809953996381	489.1247569389819	489.91695060248315	486.91795099053024	684.3990239656603	975.4120861953653	685.3869089505997	9.88	2.31	28.03	gw	6.35	2024.0	2026.0	136.72	130.55	249.0	274.0	96.0	20.0	64.0
75	16313.689909870041	799.9796330538026	811.1480018372205	402.1474052649508	404.8124833697675	407.12167789419635	570.6633353599148	797.2900031851732	570.0513940378448	11.76	2.2300000000000004	32.09	kw	5.21	2022.0	2026.0	144.44	181.86	284.0	153.0	55.0	13.0	49.0
702	21448.57807088302	1068.8569598180804	1071.3476048436085	538.2195570066141	535.141298379793	536.5519779210567	751.5075368885163	1065.9165414257673	752.8764073451274	8.370000000000001	2.33	56.65	am	5.2	2022.0	2027.0	133.3	144.38	264.0	163.0	26.0	19.0	97.0
241	18377.114037180207	900.7749405934962	903.1783387969905	453.2667403226448	456.74522286890385	452.05819729162835	639.8791355652686	907.0685839720064	639.6204731427679	11.44	2.33	74.6	to	7.25	2024.0	2028.0	36.6	103.68	36.0	86.0	67.0	18.0	33.0
173	17623.86440585843	868.7402309924913	869.4706526316145	437.885334407746	441.237638408964	437.04552539366136	619.1096419535885	869.4439131283407	617.1277032857963	10.94	2.33	46.67	me	6.59	2024.0	2025.0	87.25999999999999	136.16	234.0	87.0	57.0	20.0	34.0
425	19786.551585185283	971.04759969621	973.4509128473803	489.34601709309146	490.04923492320796	487.04753895958504	686.0239703407468	976.4164837865465	687.1671732020682	11.09	2.33	54.82	bt	3.5700000000000003	2022.0	2029.0	145.1	101.8	24.0	166.0	1.0	17.0	58.0
242	18385.30788086272	901.3303632390495	904.5667426654611	453.36377943342654	456.75670419202226	452.09145013908727	639.9246934068528	908.0881234375099	639.8489010317348	11.99	2.31	69.44	is	4.23	2024.0	2027.0	81.7	156.39	77.0	84.0	44.0	14.0	91.0
493	20122.2600763584	994.452259685307	995.1654366173052	500.68412077404275	499.0373042040464	500.7070155935807	699.8330859309932	993.3477536941408	703.9506429992459	8.6	2.42	64.13	ga	4.55	2025.0	2024.0	71.02000000000001	148.91	146.0	138.0	47.0	10.0	89.0
55	15893.33330976774	784.8019980978663	784.5107705022034	395.1442238067671	398.62676590092974	396.7443133704609	557.2702065350545	772.8114251874114	555.0728274339359	8.8	2.31	47.61	ni	4.45	2021.0	2025.0	177.51	81.57	12.0	218.0	69.0	17.0	46.0
629	20880.592397762495	1044.0378693484797	1048.3355628234533	522.2928388620957	523.8227795174064	521.8011307100095	731.7975942152474	1039.8097470248024	736.018639602355	9.4	2.25	36.8	ni	4.34	2023.0	2024.0	55.010000000000005	136.45999999999998	46.0	170.0	19.0	20.0	87.0
864	22911.2684359135	1133.8090151923916	1150.8385104464464	580.8162992261255	575.9908049001651	568.6334163148833	810.4002395671378	1147.053869725984	802.0316347028586	11.01	2.2800000000000002	24.4	vc	3.5	2022.0	2030.0	115.03	95.83	149.0	203.0	78.0	19.0	34.0
362	19305.766701195702	948.4678096144497	952.8207507966408	478.1225031854701	480.95349349166725	475.8015904225465	672.4765040065481	951.8348012958443	670.9365636176242	10.34	2.41	80.31	am	6.21	2022.0	2027.0	34.730000000000004	140.91	184.0	70.0	72.0	18.0	64.0
327	19064.43284694216	934.7028543283884	941.9281914905416	472.87283029350874	473.20535337230416	469.06780178895593	662.6636313858194	939.8314834622636	659.7522214480083	8.26	2.3	33.47	li	6.25	2024.0	2024.0	161.73	156.06	67.0	181.0	58.0	19.0	73.0
831	22537.19620046843	1118.4597970401344	1133.5451652553152	569.2994082382536	565.1721584650556	560.1722359535472	794.4303718775146	1134.6807477849236	788.6556010779725	9.76	2.25	68.68	sr	4.18	2021.0	2024.0	149.23000000000002	104.47	21.0	154.0	16.0	19.0	54.0
174	17627.97947587395	869.3911773187683	869.6553830287341	437.96186061934384	441.4330064670013	437.259941609625	619.4177115536738	870.2945759284573	617.2491476525803	8.879999999999999	2.26	80.11	st	5.48	2024.0	2026.0	112.44	107.87	300.0	71.0	65.0	20.0	96.0
516	20229.410305031957	1001.0529027210313	1005.5998911078192	504.7734423068499	504.35436464140406	503.7635847579521	704.6797891962133	999.3535706297508	709.5610855388172	9.58	2.25	49.95	cr	3.71	2021.0	2024.0	123.4	153.01999999999998	101.0	32.0	54.0	15.0	45.0
314	18970.024249976406	931.2348115632481	936.4311991190034	471.4074209487276	470.2897727963252	467.2736238468527	658.2374945175711	934.6483333494502	656.6907575164539	8.41	2.2800000000000002	68.62	gy	5.4399999999999995	2021.0	2024.0	97.14	140.85	38.0	226.0	50.0	18.0	89.0
402	19568.319929179655	965.0202231404135	964.1638860110786	486.09449878498657	487.19358305954967	484.10081571366135	680.2947428983307	967.3191138314734	680.9353586777759	11.68	2.22	71.1	tl	3.33	2021.0	2027.0	36.96	116.38	185.0	278.0	91.0	10.0	32.0
558	20491.67435883813	1018.6474149840046	1017.7573001161876	511.1230986107315	511.68356217247714	511.606376359157	716.5181009663045	1012.7091933034253	718.7056342193497	8.870000000000001	2.41	78.89	mn	3.2800000000000002	2021.0	2026.0	105.39	178.62	83.0	171.0	41.0	11.0	85.0
639	20975.23422557835	1048.0779032882647	1050.1116738399305	525.0701926470014	526.0575260762171	523.4269614683493	732.8767629930721	1044.617845174662	737.4353877791135	8.53	2.3600000000000003	63.03	sc	5.970000000000001	2023.0	2023.0	148.36	60.19	109.0	55.0	97.0	17.0	82.0
515	20224.24125143002	1000.6957031004384	1005.5730383987471	504.75824139714535	504.3237679893318	503.41661168412975	704.6173739657992	999.1963241438932	708.9786843777608	11.129999999999999	2.42	68.02000000000001	kn	6.08	2025.0	2025.0	148.31	134.25	116.0	278.0	22.0	16.0	52.0
224	18188.68513256318	892.9154054697879	897.5084498155578	450.1353319238622	453.33100569019405	449.21811110636907	635.4872363476932	898.4438258151159	633.4290260828985	8.75	2.34	38.26	kn	5.3100000000000005	2023.0	2030.0	86.64	98.67	149.0	284.0	68.0	15.0	60.0
888	23244.72619241758	1154.095515211783	1164.7293004281953	589.0593228117242	582.9236773613775	577.1440034467239	822.0446924188176	1164.0103230003685	811.3670557471138	8.16	2.41	61.33	tz	7.27	2023.0	2028.0	143.8	51.1	132.0	79.0	59.0	11.0	89.0
776	22059.376635787114	1094.1660690028898	1102.1706867308621	554.6305256045922	553.7629594000014	548.4968300744729	774.8324935144386	1104.317628530472	774.3086046775502	11.39	2.3600000000000003	37.13	vc	6.73	2024.0	2027.0	145.76	133.53	248.0	225.0	67.0	12.0	88.0
850	22764.569680516142	1126.364040356834	1142.2573521176641	574.7999543601593	570.1428759178654	565.2172326974903	804.5798560354839	1140.6992800840167	797.2985409514537	8.27	2.2800000000000002	25.18	ae	6.56	2025.0	2023.0	158.39	82.21000000000001	274.0	245.0	32.0	12.0	72.0
467	19999.405193113675	983.9752895959067	986.8162661739066	497.15959036825586	495.1774163763579	495.7383540568158	694.762335903743	986.4622895421822	696.1991130347494	8.04	2.33	26.53	tj	5.85	2021.0	2023.0	74.57	97.3	274.0	259.0	28.0	11.0	34.0
26	14977.188999760268	744.9399933653158	751.39937702239	371.0892748984935	367.5047670687944	376.1548223194231	514.8532763873744	724.0359717940619	522.7955500177023	10.81	2.2800000000000002	76.19	sd	7.15	2025.0	2026.0	99.88	93.8	152.0	192.0	29.0	16.0	48.0
567	20543.39012148062	1023.2936915422297	1021.5067503272277	512.5965678198796	513.3105137076366	512.1816929136346	718.9122562978899	1015.9548653816154	720.3871868510882	8.870000000000001	2.22	32.01	be	6.01	2021.0	2025.0	121.32	148.98000000000002	56.0	66.0	11.0	17.0	76.0
71	16265.30186779457	796.4076551494227	805.1143507787259	400.10294261757696	404.08763581658474	404.39942766675233	566.0094149885093	793.9185362713185	566.2009807247921	9.07	2.4000000000000004	67.75	al	3.56	2024.0	2025.0	40.03	50.71	129.0	247.0	53.0	18.0	65.0
59	15961.075345967376	787.8021711868128	789.9500655683855	395.8613198025576	399.8032356132685	397.77369998034317	558.3170594435885	777.4993506958565	557.1130677263322	8.879999999999999	2.26	68.03999999999999	jm	6.17	2024.0	2024.0	60.89	161.43	68.0	147.0	27.0	16.0	92.0
731	21651.94469822423	1077.8759708839893	1083.8062074821357	543.9230055432816	542.4890282122581	540.7332609215299	760.8227912711747	1081.587681632099	761.5566151967653	8.86	2.26	24.85	lu	4.45	2023.0	2028.0	134.38	101.00999999999999	236.0	68.0	10.0	15.0	88.0
520	20259.970897479485	1003.1985539570076	1008.2081620742775	505.615450913749	504.95578529623975	504.80394580353175	705.317219848828	1000.6306386528439	710.9633842289817	10.91	2.27	77.92	tz	5.029999999999999	2022.0	2030.0	124.07	57.379999999999995	73.0	270.0	57.0	20.0	64.0
730	21648.19289101982	1077.8597634636226	1083.255080741774	543.687089364734	541.8318413295582	540.7305911359058	760.8139464005188	1081.5849289313828	761.3559206555682	11.379999999999999	2.2800000000000002	35.03	hn	3.91	2025.0	2027.0	164.1	171.61	63.0	175.0	78.0	11.0	45.0
923	23717.7739317967	1179.4677727121598	1194.5425181311734	601.94401848856	598.1576700516334	593.1459446887754	844.1317995832951	1192.9461459241322	834.4275994687964	10.37	2.3600000000000003	71.12	qa	5.32	2022.0	2023.0	104.17	142.48000000000002	22.0	279.0	44.0	16.0	42.0
494	20122.42955777197	994.8000891335248	996.5344728776987	500.8097193267016	499.4699701539272	501.00582505616586	699.9236567256486	993.458421702752	704.0630621715942	9.64	2.2800000000000002	58.23	kh	7.02	2023.0	2024.0	75.13	134.07999999999998	148.0	101.0	1.0	19.0	99.0
52	15884.563398285856	783.9984439454793	783.4740393540599	393.8737097306283	397.30783062446005	395.93412411569386	553.6335088275601	769.3051683823485	551.8458849348755	8.34	2.26	25.21	tm	4.470000000000001	2025.0	2029.0	102.06	177.51	128.0	271.0	10.0	20.0	93.0
988	25720.981916944143	1283.9563493763515	1316.899990903684	657.1653580293562	644.9981298475316	643.827382831608	909.2194835367148	1300.9370155148176	899.7891832071305	8.9	2.2800000000000002	43.21	jp	4.13	2021.0	2030.0	41.9	120.57	187.0	289.0	69.0	15.0	80.0
480	20058.844838361645	988.3623515461429	990.9641541071702	498.50696173875707	496.7960455428575	498.1418731898668	697.4324439174333	990.3366378791103	700.3989696719761	11.67	2.3200000000000003	59.74	tt	3.17	2022.0	2028.0	168.78	46.79	247.0	252.0	57.0	15.0	88.0
529	20354.94378607883	1007.9512537345644	1011.2574018529291	507.0554932937757	505.9425060709715	506.8294247117991	708.9087722781879	1003.534647066575	712.4230779183201	11.01	2.31	74.44	bt	5.82	2024.0	2030.0	31.69	183.41	177.0	115.0	75.0	20.0	40.0
19	14722.1852370109	731.666059688292	733.1012736405007	355.78265768200566	357.0857608832582	362.23726952505575	496.9985347890149	713.6739048137579	510.99040419522316	8.69	2.3	36.82	ni	3.0300000000000002	2023.0	2026.0	115.63	58.5	148.0	128.0	79.0	18.0	30.0
953	24244.335056333424	1208.9275937792356	1229.642178681101	616.9930294374522	611.9296616219876	610.465395116569	868.853507570403	1220.2928322815537	851.4815043418271	10.37	2.2800000000000002	74.02000000000001	ml	6.62	2023.0	2026.0	90.69	46.22	105.0	147.0	56.0	17.0	90.0
73	16308.406141976922	797.724750023737	807.8291807143871	401.3563812302698	404.59544907055255	405.2388686482143	569.0678997613613	795.4490137650986	567.8265539405537	8.78	2.27	30.42	cu	4.140000000000001	2021.0	2028.0	93.67	152.76999999999998	279.0	192.0	34.0	19.0	38.0
370	19343.298032641833	952.1238942244919	954.6984943351976	479.7064083087999	481.52020022677385	477.19614918650507	674.2316190741317	955.2424973518619	672.6485284202803	9.11	2.29	56.36	al	6.19	2025.0	2026.0	145.7	81.59	257.0	125.0	28.0	14.0	30.0
582	20662.135330073812	1027.2958795390387	1025.658911582808	514.2933208331935	515.7418845321965	514.5287585935517	721.0082926090778	1023.3755012726027	723.538753168275	9.7	2.27	30.56	li	4.27	2025.0	2025.0	58.79	94.09	33.0	282.0	5.0	16.0	64.0
217	18124.69483086168	891.1762112623269	894.4127423538214	448.1593638586042	452.2483210741368	448.2023478171596	633.9126194649538	893.9658295642424	631.463875045516	11.879999999999999	2.26	55.91	rs	5.55	2025.0	2023.0	123.5	40.93	112.0	33.0	93.0	19.0	59.0
487	20077.11360785202	990.7320731751569	992.9985221191232	499.88049266073085	498.5298244303224	499.5932893517086	698.7830970712586	991.5659685467639	701.9896076432027	8.93	2.39	63.93	kw	3.16	2025.0	2026.0	137.61	132.31	289.0	84.0	16.0	13.0	83.0
768	21976.51807665974	1091.6124485497935	1099.3459589011686	552.5464033224049	552.4363358373126	546.859872266456	770.7723139127119	1099.6547199187667	771.3366515856765	8.33	2.26	83.93	qa	5.470000000000001	2022.0	2028.0	157.35	93.17	214.0	122.0	88.0	19.0	50.0
644	20996.813730484966	1049.7544591699466	1051.7649176547632	526.0425013225719	527.4025555902501	524.2043747563068	734.2856590715007	1046.736602876479	739.4611876178777	8.09	2.4000000000000004	72.03	mm	4.76	2024.0	2028.0	136.44	88.24000000000001	178.0	64.0	43.0	15.0	39.0
690	21332.58391701282	1065.0572317461413	1066.182922721476	534.8157095337441	533.6525586672383	534.2871489176125	746.6805948690004	1061.1788102165763	749.8690600063202	10.7	2.37	60.56	ee	4.52	2025.0	2028.0	177.28	176.65	68.0	92.0	54.0	13.0	75.0
881	23167.965044481236	1145.1742676943159	1160.7535411277772	585.9024099435583	580.2388280272758	573.9188468328482	816.9939428878573	1157.2996033751983	808.8341356169676	10.26	2.4000000000000004	42.71	bi	5.6899999999999995	2021.0	2029.0	63.71	108.28	110.0	87.0	79.0	11.0	48.0
596	20708.32468810448	1031.743067253597	1032.9131483718124	516.7102897324909	518.313037352501	516.0984131458044	723.891065231004	1028.790231417827	727.0422340640287	8.02	2.31	28.3	to	7.07	2023.0	2025.0	109.95	166.69	202.0	55.0	78.0	15.0	81.0
533	20378.027064560287	1008.9505680732902	1012.4295999783112	507.7168089834413	507.2387377120384	507.2952862336063	709.5032371012782	1003.9673451015924	713.2283550502221	10.86	2.24	76.02000000000001	lt	7.43	2022.0	2028.0	33.69	148.57	214.0	224.0	79.0	10.0	66.0
852	22778.315272457847	1126.6526386268379	1142.561068862632	576.2634975072448	570.6863131579713	565.3313083546018	806.1881778209145	1141.161504697865	798.4198815510081	11.92	2.26	78.37	kr	3.1100000000000003	2023.0	2028.0	49.79	140.09	21.0	271.0	20.0	16.0	52.0
951	24180.944303351047	1206.167492659326	1226.4440586994874	616.002213319686	609.1510280067927	610.0084483526591	868.169676875372	1217.8359196956708	851.122331246843	9.51	2.33	48.34	ad	5.12	2023.0	2028.0	153.37	57.6	197.0	59.0	94.0	17.0	45.0
418	19733.392257214822	970.0324945089214	971.1790238732208	488.4582052654586	489.08435273002135	486.35957085848855	683.2846567397522	972.8753179831849	684.3956034699124	11.22	2.27	68.09	np	4.5	2022.0	2026.0	46.65	165.6	245.0	148.0	46.0	19.0	95.0
305	18912.70653392608	930.138978602518	930.401063787543	467.9839082849681	468.294879246211	465.91368601068666	656.005778015109	930.1680773875955	654.8527312151642	10.35	2.27	75.3	lr	5.49	2021.0	2029.0	135.2	65.64	89.0	52.0	51.0	18.0	73.0
2	12707.435549899492	644.5280506129245	600.2461040763374	296.3961502760793	315.2204838618028	310.1679890823127	427.59436945511965	541.9608313851594	450.5035320445837	8.54	2.33	71.28999999999999	cf	5.21	2021.0	2027.0	134.88	73.68	205.0	137.0	89.0	20.0	95.0
595	20706.773681860992	1031.6976800994312	1032.8075317651	516.3311475307892	518.0588789949592	515.5576300924621	723.5426438512408	1028.5730036004948	726.9061407393021	11.14	2.37	42.44	br	3.09	2024.0	2023.0	177.88	104.62	53.0	169.0	85.0	15.0	86.0
195	17857.138994477038	878.74063649499	882.9326690720142	443.2890003143709	446.7477745301643	442.23050606447254	625.5674982390867	882.9277922800438	624.6679559913351	9.75	2.29	52.760000000000005	at	5.21	2025.0	2023.0	44.55	135.82999999999998	107.0	155.0	95.0	17.0	72.0
325	19056.836973242196	933.8397635590327	940.9300762655791	472.4757338646473	472.6346756735119	468.8502443681683	661.1803768155845	938.6960819930413	659.5713365352212	11.43	2.39	56.76	br	7.23	2024.0	2023.0	152.01	44.58	62.0	294.0	81.0	14.0	90.0
309	18937.52310317873	930.8312883925635	933.6830822814121	469.762105337744	469.25117413908976	466.19993814128003	657.2820024744025	930.8865399147223	655.7587735802554	11.0	2.3	55.18	sb	6.89	2025.0	2030.0	110.75	68.33	278.0	147.0	64.0	19.0	79.0
259	18566.796465279454	905.7906036164552	911.4495654877327	456.76197934211535	461.28511926807727	455.80319968214496	646.1694076306978	913.0012620774684	642.9776669814233	10.12	2.2800000000000002	65.37	se	4.02	2022.0	2023.0	94.64	57.15	216.0	179.0	23.0	10.0	67.0
293	18813.922312441566	926.0211005614276	924.0750241314114	463.1161090576297	466.2454997380043	464.1628006496006	653.4743011788601	926.6207607554571	652.3447778687251	11.46	2.2300000000000004	41.32	tt	3.8200000000000003	2023.0	2024.0	89.82	58.09	110.0	243.0	91.0	12.0	91.0
938	23930.392967846674	1189.9092890286954	1213.5866202814343	609.538288998626	604.0854672664731	600.7060067821114	856.70639713701	1204.729724237196	843.257616622737	11.879999999999999	2.27	25.91	ml	5.91	2023.0	2030.0	42.66	158.26999999999998	66.0	176.0	97.0	11.0	94.0
308	18933.595251837873	930.753053102323	932.9511219034761	469.6526066172872	469.1231207264375	466.1190655549934	656.87216478694	930.6367381008149	655.478822567059	9.16	2.35	29.58	uz	3.26	2022.0	2030.0	87.55	186.44	89.0	231.0	1.0	12.0	32.0
452	19906.755536389388	980.3927729806803	981.5160195295424	494.5287483552631	493.68891879653086	492.5347372080235	690.5573884472625	983.1737225662952	693.438951222098	10.08	2.2800000000000002	32.49	gb	6.47	2022.0	2024.0	93.07	84.39	73.0	140.0	73.0	19.0	37.0
982	25099.671117460817	1258.236350400031	1293.374707058455	648.4320521524801	631.7708077581979	633.2476037975835	898.5477531816174	1285.8910219850882	889.2023794592457	9.07	2.2300000000000004	27.54	om	4.33	2021.0	2029.0	62.78	114.35	230.0	164.0	1.0	15.0	91.0
631	20891.936500423493	1044.9131116517174	1048.6192919015014	522.6144619301969	524.0069577542436	521.9441089963475	732.0831626289255	1040.489014806309	736.2686378121036	11.25	2.33	33.15	cr	3.9	2023.0	2027.0	34.19	68.68	175.0	209.0	29.0	12.0	47.0
944	24019.35632731519	1194.5270448525541	1217.634826416642	613.6993609175179	606.5306203563489	603.2105788468186	860.5136270898952	1208.3508873282624	846.2692465058954	11.92	2.31	57.36	dk	4.859999999999999	2022.0	2028.0	174.62	85.09	199.0	122.0	17.0	11.0	57.0
787	22161.028379726416	1100.9002287876835	1110.3127016600386	556.3344712830532	556.8096048012449	551.4725409573524	777.8728630330176	1111.7438614326168	776.5332333129041	11.95	2.3	30.09	rs	7.44	2024.0	2029.0	36.84	99.6	106.0	198.0	10.0	16.0	94.0
766	21959.28005686422	1090.5848759373575	1098.790892069731	551.6580008362156	552.3269633461531	546.7351675212852	769.8108727910262	1097.7840210648876	770.9084431778274	11.49	2.3	74.2	bb	3.02	2022.0	2025.0	41.37	41.45	183.0	182.0	5.0	20.0	34.0
537	20391.956921722303	1010.7696931620475	1013.0894313890749	508.22609737205875	507.9862117549938	507.89062564843795	710.872061707557	1005.2185424741069	713.8524772227074	11.16	2.37	56.54	ec	5.6	2021.0	2028.0	120.27	115.56	124.0	196.0	30.0	11.0	89.0
14	14418.11344951358	706.2343962626137	714.1457110723993	345.40412690890923	345.683683289546	350.69090409049215	481.71807348125526	706.2456326755882	505.00268365349405	11.629999999999999	2.39	31.66	ae	3.4699999999999998	2024.0	2025.0	64.6	113.32	231.0	206.0	81.0	16.0	68.0
784	22151.863654006767	1098.0365967135767	1107.409205399348	555.6172521167365	555.2892352775098	549.5026419639229	777.1334030727814	1107.2278851936105	776.2749816135488	8.15	2.3	60.87	mt	3.37	2023.0	2029.0	73.4	107.4	227.0	194.0	13.0	17.0	46.0
290	18802.701369362985	922.4664703479755	923.3938190713841	462.96020924532866	465.4527513955685	463.5135124825632	652.3125856600468	925.1291153334724	651.5990162497282	8.98	2.22	64.16	az	5.109999999999999	2024.0	2030.0	67.07	96.59	258.0	152.0	65.0	17.0	46.0
755	21862.781583054726	1087.215541894222	1093.7977191701032	549.0634126576979	549.5962353790179	544.899537235978	766.2675818946639	1093.0037400574759	768.3423497830349	10.18	2.27	34.59	kr	6.94	2024.0	2025.0	42.66	163.28	288.0	223.0	75.0	18.0	35.0
891	23279.800325543863	1156.286968812872	1166.610482315294	591.5112326673714	584.6808560274008	578.1035439370025	823.9675597619139	1165.8315591776486	812.3756216405156	11.02	2.29	45.5	es	7.03	2024.0	2024.0	156.43	188.42	157.0	106.0	88.0	18.0	40.0
498	20133.12395192517	996.3171036537485	998.0919795269878	502.2905526253998	500.25256345296424	501.3056805626763	700.7315024471293	994.6942444104734	705.0932757066774	11.17	2.26	31.53	ht	6.18	2024.0	2027.0	50.57	140.37	100.0	185.0	42.0	20.0	65.0
8	13970.652735751884	685.9864885693969	683.0746002939508	326.2992693879644	322.63223767773485	328.3786459815385	457.04325313377484	658.4992229937563	480.21680120342734	10.1	2.34	42.04	am	6.7	2022.0	2026.0	107.31	59.11	196.0	140.0	44.0	18.0	73.0
560	20494.82081316392	1019.422511787302	1018.4039471068915	511.62215801666025	512.057871635526	511.909752130579	716.906003749143	1014.5575061419695	719.9084007809276	8.98	2.3	45.730000000000004	li	3.2199999999999998	2023.0	2023.0	89.24000000000001	177.88	71.0	220.0	39.0	16.0	56.0
454	19917.979666811803	981.1607892624355	982.292165507051	494.6607800379059	493.81283426546406	492.62486394924787	691.6390326629131	983.320272794201	693.604864946658	8.7	2.42	81.32	gm	5.77	2024.0	2029.0	63.92	77.49000000000001	111.0	266.0	7.0	10.0	53.0
793	22186.92380339917	1103.153174769215	1116.4057670636562	558.3238945515307	558.16619329017	553.4157626834701	779.1070536638343	1114.3052817638884	779.9426630497379	9.04	2.22	73.07	gd	6.81	2025.0	2024.0	141.57999999999998	55.13	182.0	41.0	75.0	10.0	86.0
853	22803.458409673345	1127.478596589571	1142.6291313074616	576.2636146024864	570.786044713872	565.4770831896496	806.2443260818128	1141.3297785231011	798.5403945880012	8.620000000000001	2.33	73.45	hr	3.31	2024.0	2024.0	91.42	136.73000000000002	281.0	131.0	55.0	18.0	32.0
159	17472.853335202904	862.2835669491003	863.2957326548914	434.7131285401024	437.9901593637587	433.53808181944754	611.7204205910587	861.8316438126096	612.1628093300945	11.25	2.38	80.64	td	4.390000000000001	2022.0	2027.0	172.97	61.07	30.0	125.0	64.0	14.0	57.0
76	16364.912040271134	800.3289895473558	811.3736870705612	402.5988507624312	405.11727300961246	407.88063146041674	571.6017352793644	797.7446182361891	570.2813397295783	10.45	2.41	44.370000000000005	mw	3.49	2024.0	2029.0	172.67	73.88	178.0	261.0	25.0	12.0	33.0
87	16691.92391075933	808.2987552753575	817.0423935092879	405.96295572152223	412.9492203147737	408.9367313660219	578.6958832165562	813.7433150016841	574.2706505080049	11.9	2.3	44.04	vn	6.97	2022.0	2024.0	152.29000000000002	130.14	135.0	298.0	52.0	20.0	69.0
858	22870.934482355246	1130.412079703802	1145.7061750765242	578.9176154767295	572.4431379766087	567.1112377979423	808.3409031690284	1142.9975991091462	800.3254280626419	9.08	2.41	79.85	so	7.44	2025.0	2025.0	69.28	55.66	146.0	113.0	93.0	14.0	30.0
446	19881.190189328398	977.7321684687254	979.6721204875644	493.43601241778504	492.7795740848624	491.46073502626666	689.0225762746204	981.6952008050202	692.5830047167334	9.45	2.22	52.61	lb	3.5	2022.0	2028.0	92.42	178.15	268.0	281.0	34.0	14.0	93.0
818	22432.62019125131	1112.187987216019	1124.964560907925	564.7930341499217	563.374240268425	557.4458426516301	789.2246437197853	1127.1048774460405	785.7938893041788	11.629999999999999	2.3	25.64	pt	6.11	2025.0	2025.0	148.76	117.2	189.0	86.0	28.0	18.0	72.0
701	21424.991160099464	1068.4352505301679	1071.171609816058	538.0303166768772	535.110113233179	536.3657294393477	750.866491215441	1065.6733829443826	752.1882626334884	11.379999999999999	2.22	30.740000000000002	tm	4.66	2022.0	2028.0	179.7	102.65	94.0	150.0	10.0	14.0	87.0
410	19661.230513484403	967.5925194617214	968.1770697656866	486.8901994532507	487.94567770206936	485.4649610193685	682.0326724120596	971.0109561533076	682.6071900244382	11.24	2.33	53.760000000000005	np	4.01	2023.0	2027.0	133.45	111.14	300.0	178.0	8.0	11.0	76.0
356	19273.084020715305	946.5725486483427	950.8534993925108	476.965843592956	479.82120480617874	474.51086471620494	671.3321238569856	950.0869531840938	668.6067074142976	8.45	2.26	35.9	bs	3.5300000000000002	2021.0	2030.0	120.73	76.8	256.0	134.0	100.0	14.0	96.0
947	24060.677547580322	1199.4635395887533	1223.8073490486272	614.7301547511184	607.4549754112015	605.8146917523203	863.8688074230018	1213.6283661668488	848.4204058269186	11.95	2.25	71.24000000000001	ie	5.220000000000001	2021.0	2029.0	83.55	104.07	62.0	86.0	25.0	18.0	36.0
35	15330.037068618443	757.113793678983	767.8857771543699	382.815793199947	381.1199508576973	382.7825666620852	530.9407224432832	743.319162669621	528.6097212112388	10.22	2.41	81.84	qa	5.68	2022.0	2028.0	41.13	105.59	126.0	138.0	45.0	14.0	35.0
326	19057.34848567775	933.9526862288612	941.0598019532822	472.838485233938	473.165400596567	469.02999741374344	661.5959916954058	939.5931563139584	659.5758424927354	10.05	2.29	45.64	bt	3.8600000000000003	2024.0	2030.0	30.84	83.06	87.0	229.0	15.0	10.0	59.0
503	20154.848787066636	997.1160511993066	1000.182851592273	502.71129790370736	501.08356995556153	501.9547733284193	701.6067640573672	996.3004629729136	706.170440099429	11.11	2.29	65.61	tv	6.54	2022.0	2028.0	65.77000000000001	49.86	269.0	277.0	71.0	11.0	71.0
614	20811.49522174053	1038.9535228398513	1039.971285119508	520.238702375794	521.2835996460576	519.0533865544774	728.1361357861111	1032.74484363189	731.5901526911115	9.53	2.37	47.14	ve	3.1799999999999997	2022.0	2030.0	72.15	118.48	146.0	37.0	88.0	19.0	96.0
471	20013.635728904905	985.1668737212402	988.5831722904853	497.421435428837	495.2925579135579	496.44336279478597	695.8230421641019	987.4239398970878	697.8448574659773	8.68	2.3	31.5	ar	5.93	2021.0	2024.0	124.46	118.14	179.0	187.0	34.0	16.0	33.0
353	19255.099213172114	945.952716003572	948.7634123032619	476.56531810447734	479.30106308508414	473.3741456012755	670.9155518356572	949.1354138817914	668.311968923939	9.59	2.41	57.88	la	3.55	2024.0	2023.0	168.72	160.45999999999998	94.0	102.0	28.0	14.0	38.0
373	19383.695290160587	954.9015617923978	955.3409711366627	480.2104632959224	482.2970993761548	478.03281189455623	674.8757347818733	956.0564452255268	673.6255769315684	10.47	2.37	24.22	sg	4.23	2025.0	2029.0	78.03	107.63	42.0	120.0	25.0	11.0	88.0
573	20579.391918989644	1024.5506568001229	1023.0656545009497	513.1752419031104	514.8829192002363	512.6191473369017	720.451584381054	1017.6109299262462	721.8077930591496	9.94	2.3	29.37	bz	3.84	2023.0	2030.0	94.99	189.95	40.0	120.0	73.0	19.0	41.0
578	20610.685487981667	1025.376695185629	1023.9414185927537	513.6796004781828	515.4162619656285	513.7725302165505	720.8681481610364	1020.9449125549464	723.2539922270676	8.41	2.27	40.21	om	5.18	2023.0	2030.0	134.36	87.65	38.0	289.0	24.0	14.0	52.0
975	24741.114512837274	1239.2498783126136	1272.7587596323738	635.2010558326793	625.7281770391521	628.5277887564941	894.5790972130987	1270.0450554158238	880.3732763579667	10.36	2.29	33.16	co	3.77	2023.0	2025.0	157.82999999999998	63.2	234.0	148.0	50.0	15.0	56.0
125	17195.163404559436	837.4277265505059	842.9626224825633	421.20559024593666	428.7899286547214	424.42483869845586	598.3656982708502	839.7700932487622	593.3682991465618	9.91	2.25	42.33	ws	6.77	2023.0	2029.0	31.15	124.8	174.0	239.0	71.0	15.0	55.0
22	14761.887120005205	736.6221593160153	744.7900735244573	364.0515480899875	361.5934978925226	373.8079678068963	506.81237052458135	721.4845201697754	514.7266435040833	11.78	2.3600000000000003	68.25999999999999	dm	7.21	2023.0	2030.0	93.99000000000001	106.65	77.0	81.0	56.0	10.0	44.0
514	20213.48579068057	1000.55736431849	1004.8522387310171	504.7439058343576	504.31511300739606	503.3971559006467	704.5004483978461	999.181050872144	708.8823341849208	11.1	2.3200000000000003	61.34	cr	4.0600000000000005	2022.0	2025.0	71.84	99.41	287.0	127.0	34.0	14.0	88.0
160	17481.13474162046	862.5309854970865	863.9238784050839	434.76175432876653	438.04830434991607	433.54739391339245	612.5179383966728	862.0566111414992	612.314623931487	11.57	2.33	83.19	gq	6.81	2022.0	2023.0	96.0	119.49	50.0	159.0	24.0	18.0	46.0
756	21871.727167978854	1087.3684787262791	1094.2937500489782	549.1619544999384	549.7798809510703	545.4946867208705	766.692925501257	1093.3228494672776	768.5102109665568	10.74	2.39	77.68	jm	4.17	2021.0	2026.0	178.01	123.74	179.0	138.0	88.0	17.0	58.0
869	22993.545916321873	1138.838623852529	1152.7743305732706	581.5781419520432	577.293948680666	569.500232195656	811.2510287892958	1151.9447362893397	804.2969615726493	9.6	2.34	73.17	ag	4.32	2025.0	2023.0	108.2	43.84	12.0	72.0	93.0	16.0	58.0
137	17293.092821766928	847.2584390268795	851.6942520152546	425.6983688555332	432.59539028237134	427.6330944007259	602.8206339718973	846.1262319995737	598.2026675444254	9.58	2.33	47.08	bh	5.5600000000000005	2022.0	2023.0	53.82	183.04	37.0	204.0	25.0	20.0	50.0
981	25076.17435339278	1256.4518890205525	1291.8548125727027	647.6524187875386	631.7218716131601	632.8323841659846	898.3961124477544	1284.0138039117492	884.6342291213982	10.05	2.27	80.32	kr	7.35	2022.0	2023.0	120.66	120.06	299.0	30.0	37.0	20.0	79.0
775	22047.96946923972	1094.019676103776	1101.4995514168754	554.0783915934793	553.5801517643825	548.419446449253	774.708556080738	1103.4530672811031	774.0851662847668	11.01	2.3	34.0	nr	5.95	2023.0	2025.0	55.980000000000004	46.9	186.0	253.0	100.0	10.0	83.0
39	15466.588185226337	760.6678050907576	772.0909014494589	384.3909942214811	388.3289042843886	384.5008869974703	538.403714202721	748.0079016574623	538.2341804136747	9.57	2.38	26.29	sz	7.25	2022.0	2030.0	48.69	95.97	162.0	163.0	75.0	16.0	43.0
413	19691.736965838118	968.1099359399925	970.2704545091473	487.27633174698525	488.45149174162356	486.16164685975644	682.5261088370077	972.1121539730254	683.317281222454	10.26	2.27	77.74000000000001	sb	5.42	2021.0	2024.0	121.98	152.75	90.0	90.0	28.0	12.0	97.0
484	20068.943268862913	990.1064470702968	992.3330377497398	499.350023293836	497.78393653378555	498.59062300549584	698.0349752376684	990.8861339628968	701.6660303571324	11.129999999999999	2.27	62.78	it	6.34	2022.0	2029.0	122.9	124.4	73.0	280.0	92.0	13.0	86.0
479	20054.509193498612	988.0118388649331	990.9376977433178	498.37506492794245	496.49004071795423	498.04723976987793	697.2868027027604	989.8967321411895	700.1293907596922	8.06	2.42	25.53	is	6.64	2025.0	2026.0	168.38	65.9	50.0	45.0	7.0	12.0	65.0
633	20893.14843887901	1046.1057582225164	1049.1599550731974	523.8239600699837	524.4622577506074	522.0923283275134	732.1557933300712	1041.9633500792022	736.4484507194526	10.19	2.29	71.25999999999999	td	6.41	2023.0	2026.0	47.81	70.21000000000001	281.0	149.0	42.0	19.0	95.0
502	20146.489680408322	996.7219047638995	1000.1249839956502	502.70710533501244	501.0069209330353	501.8847364112038	701.5724289525755	996.1518283430536	706.1280995504279	11.67	2.2800000000000002	51.29	nr	3.1	2021.0	2024.0	147.78	183.5	103.0	153.0	8.0	20.0	42.0
513	20210.480528119762	1000.1398534294981	1004.6807314417015	504.639432610405	503.4649380514668	503.3798920944104	704.3452037816024	999.1260859915949	708.8324750034859	10.64	2.42	32.79	li	7.28	2024.0	2024.0	87.11	128.07999999999998	224.0	96.0	51.0	15.0	91.0
865	22936.01805979592	1134.9244981494483	1151.0306936183672	580.9931299177807	576.1234852394631	568.9097506766033	810.4851679225343	1148.6590542930167	803.0401464587309	9.11	2.3200000000000003	32.56	cl	6.24	2021.0	2023.0	96.38	41.68	123.0	102.0	26.0	19.0	89.0
